"Key","Year","Site","Block","Point","SampleCode","Code","BlockType","RSFalconTube","BSFalconTube","FarmSite","Date","Initials","ArrivalTime","DepartureTime","ATTemp","DTTemp","PlantID","PlantHeight","TotalFlower","Buds","ImmatureFruit","MatureFruit","LeafNo","RSNitrateRead","RSNitriteRead","BSNitrateRead","BSNitriteRead","RSTinWeight","BSTinWeight","RSWetWeight","BSWetWeight","RSDryWeight","BSDryWeight","BD","FarmKey","orgFarmCode","FarmType","FocalCrop","soilOrder","soilSeries","soilType","Long","Lat","firstPolyYear","conversionYrs","MonoYears","PolyYears","FallowYears","MonoProp","PolyProp","FallowProp","pH","P","K","Ca","Mg","Zn","B","Mn","Cu","Pb","Al","Na","S","CEC","OM","Presence","Absence"
1,2017,"BE","F1","1","BE_F1_1","2017_BE_F1_1","F","10.115","9.997","BE","10/14/17","CD","","","74.5","","EGGPLANT","68","3","2","5","0","103","0.5","0","0.5","0","0.443","0.489","9.949","9.91","","",1.45,"BE","BE","Polyculture","Eggplant","alifisol","san joaquin","loam",-119.612459,36.7401971,"2005","12",2,13,13,0.133,0.867,0,8.19,19.77982955,75.19886364,1637.975852,446.6264205,0.736008523,0.373441051,5.891335227,0.087148438,0.357901278,2.646807528,61.66548295,29.87215909,12.04307602,0.987822533,"",""
2,2017,"BE","F1","2","BE_F1_2","2017_BE_F1_2","F","10.339","10.002","BE","10/14/17","CD","","","74.5","","EGGPLANT","84","2","2","2","4","98","0.5","0","0","0","0.49","0.49","10.212","10.036","","",1.45,"BE","BE","Polyculture","Eggplant","alifisol","san joaquin","loam",-119.612459,36.7401971,"2005","12",2,13,13,0.133,0.867,0,8.11,16.93667158,109.8527246,1410.430781,500.9499264,1.543405744,0.306244477,8.100147275,0.105452872,0.384127393,1.894484536,112.05081,41.10824742,11.4392541,1.146799401,"3","97"
3,2017,"BE","F1","3","BE_F1_3","2017_BE_F1_3","F","10.278","10.114","BE","10/14/17","CD","","","74.5","","EGGPLANT","77","2","4","8","6","183","20","0.3","10","0.15","0.477","0.493","10.189","10.193","","",1.45,"BE","BE","Polyculture","Eggplant","alifisol","san joaquin","loam",-119.612459,36.7401971,"2005","12",2,13,13,0.133,0.867,0,7.87,38.74644886,133.8636364,1591.981534,481.0973011,1.160330256,0.637365057,5.3125,0.133114347,0.367872869,2.044179688,60.87002841,66.86434659,12.24569041,1.078128161,"2","98"
4,2017,"BE","F2","1","BE_F2_1","2017_BE_F2_1","F","10.288","10.107","BE","10/14/17","CD","","","74.5","","EGGPLANT","62","0","3","1","1","133","2","0","0.5","0","0.48","0.489","10.178","10.012","","",1.45,"BE","BE","Polyculture","Eggplant","alifisol","san joaquin","loam",-119.612459,36.7401971,"2005","12",2,13,13,0.133,0.867,0,8.17,16.42964072,146.3622754,1548.166168,517.4550898,1.285943114,0.318761228,8.970808383,0.119232784,0.413832335,2.435437874,147.6983533,71.32859281,12.35659407,1.338068757,"3","97"
5,2017,"BE","F2","2","BE_F2_2","2017_BE_F2_2","F","10.149","10.052","BE","10/14/17","CD","","","74.5","","EGGPLANT","50","0","2","0","2","68","0.5","0","0.5","0","0.493","0.489","10.125","10.134","","",1.45,"BE","BE","Polyculture","Eggplant","alifisol","san joaquin","loam",-119.612459,36.7401971,"2005","12",2,13,13,0.133,0.867,0,8.22,27.01421801,135.1698262,1970.517378,571.8759874,1.264838073,0.500908373,10.11848341,0.224877567,0.460916272,3.413755924,151.3112164,80.6042654,14.88579786,1.231458158,"8","92"
6,2017,"BE","F2","3","BE_F2_3","2017_BE_F2_3","F","10.451","9.989","BE","10/14/17","CD","","","74.5","","EGGPLANT","73","0","0","1","5","124","2","0","0.5","0","0.484","0.487","10.062","10.062","","",1.45,"BE","BE","Polyculture","Eggplant","alifisol","san joaquin","loam",-119.612459,36.7401971,"2005","12",2,13,13,0.133,0.867,0,8.11,20.05094614,113.1222707,1688.693595,485.5531295,1.277088792,0.389334061,8.304221252,0.120054585,0.413020378,1.852569141,96.56841339,36.64847162,12.71272693,1.141525041,"13","87"
7,2017,"BE","N1","1","BE_N1_1","2017_BE_N1_1","N","10.46","9.935","BE","10/14/17","CD","","","74.5","","EGGPLANT","87","2","5","31","0","440","0","0","0.5","0","0.497","0.494","10.361","10.171","","",1.455,"BE","BE","Polyculture","Eggplant","alifisol","san joaquin","loam",-119.612459,36.7401971,"2005","12",2,13,13,0.133,0.867,0,8.24,15.13437058,60.60113154,1470.367751,421.2128713,1.090830976,0.321980198,5.007072136,0.102507072,0.36427157,1.809239745,66.49929279,24.92220651,10.95939338,0.914422744,"20","80"
8,2017,"BE","N1","2","BE_N1_2","2017_BE_N1_2","N","10.459","10.013","BE","10/14/17","CD","","","74.5","","BITTERMELON","128","10","41","0","1","277","2","0","0.5","0","0.497","0.49","10.348","10.054","","",1.455,"BE","BE","Polyculture","Eggplant","alifisol","san joaquin","loam",-119.612459,36.7401971,"2005","12",2,13,13,0.133,0.867,0,8.29,24.26127527,135.7542768,1812.978227,455.3693624,1.262317263,0.586349145,6.111975117,0.154634526,0.441679627,2.111815708,73.07931571,37.97433904,13.14462453,1.062438976,"4","23"
9,2017,"BE","N1","3","BE_N1_3","2017_BE_N1_3","N","10.268","10.068","BE","10/14/17","CD","","","74.5","","EGGPLANT","141","32","41","14","84","152","0","0","0","0","0.479","0.487","10.074","9.95","","",1.455,"BE","BE","Polyculture","Eggplant","alifisol","san joaquin","loam",-119.612459,36.7401971,"2005","12",2,13,13,0.133,0.867,0,8.24,19.55521472,60.46779141,1740.272239,412.5805215,1.04211273,0.439355828,5.164877301,0.097185583,0.430007669,2.122361963,58.25920245,25.08435583,12.23781783,1.086362714,"8","92"
10,2017,"BE","N2","1","BE_N2_1","2017_BE_N2_1","N","10.411","10.073","BE","10/14/17","CD","","","74.5","","BITTERMELON","128","4","28","4","5","217","5","0","2","0","0.478","0.486","10.123","10.165","","",1.455,"BE","BE","Polyculture","Eggplant","alifisol","san joaquin","loam",-119.612459,36.7401971,"2005","12",2,13,13,0.133,0.867,0,8.09,27.61707989,141.9628099,1739.452479,415.3787879,1.192982094,0.498367769,4.779614325,0.121384298,0.427823691,1.898092287,39.72107438,19.96900826,12.4650828,1.046750022,"",""
11,2017,"BE","N2","2","BE_N2_2","2017_BE_N2_2","N","10.259","9.952","BE","10/14/17","CD","","","74.5","","EGGPLANT","157","11","36","38","70","230","0","0","0","0","0.496","0.488","10.244","10.109","","",1.455,"BE","BE","Polyculture","Eggplant","alifisol","san joaquin","loam",-119.612459,36.7401971,"2005","12",2,13,13,0.133,0.867,0,8.22,20.76086957,70.57608696,1777.336957,430.615942,1.158644928,0.466021739,5.652173913,0.109521739,0.406978261,3.673913043,47.0615942,19.97101449,12.59682515,1.026606731,"16","84"
12,2017,"BE","N2","3","BE_N2_3","2017_BE_N2_3","N","10.491","10.198","BE","10/14/17","CD","","","74.5","","INDIANBEAN","136","59","69","45","108","181","2","0","2","0","0.475","0.488","9.997","10.047","","",1.455,"BE","BE","Polyculture","Eggplant","alifisol","san joaquin","loam",-119.612459,36.7401971,"2005","12",2,13,13,0.133,0.867,0,8.17,33.54792561,138.0972818,1591.605866,403.5622318,0.914331187,0.543186695,5.912017167,0.120608011,0.380329041,2.218912732,42.70386266,24.99642346,11.61910645,1.118352945,"47","0"
13,2017,"FO","F1","1","FO_F1_1","2017_FO_F1_1","F","10.219","9.902","FO","9/30/17","LH/AG","8:30A","2:05P","69.1","88.7","EGGPLANT","104","14","7","8","12","211","0.5","0","0","0","0.498","0.489","10.034","9.86","9.45","9.461",1.33,"FO","FO","Polyculture","Eggplant","alifisol","atwater","sandy loam",-119.626867,36.7659621,"2002","15",0,15,15,0,1,0,7.52,55.22483221,69.40939597,896.6342282,322.3288591,0.963241611,0.084573826,7.872483221,0.057912752,0.169332215,4.305369128,36.53691275,6.466442953,7.302728606,0.995777573,"8","92"
14,2017,"FO","F1","2","FO_F1_2","2017_FO_F1_2","F","10.696","9.605","FO","9/30/17","LH/AG","8:30A","2:05P","69.1","88.7","EGGPLANT","91","23","16","14","4","512","0.5","0","0","0","","4.9","10.469","10.435","9.33","9.924",1.33,"FO","FO","Polyculture","Eggplant","alifisol","atwater","sandy loam",-119.626867,36.7659621,"2002","15",0,15,15,0,1,0,7.68,45.69345661,72.33285917,848.7660028,304.3172119,1.999480797,0.071859886,7.290184922,0.604125178,0.194128734,4.573257468,35.25604552,5.597439545,6.923227916,0.849133419,"6","37"
15,2017,"FO","F1","3","FO_F1_3","2017_FO_F1_3","F","9.991","9.856","FO","9/30/17","LH/AG","8:30A","2:05P","69.1","88.7","EGGPLANT","98","19","13","11","4","226","2","0","0.5","0","0.498","0.49","10.139","10.04","9.66","9.399",1.33,"FO","FO","Polyculture","Eggplant","alifisol","atwater","sandy loam",-119.626867,36.7659621,"2002","15",0,15,15,0,1,0,7.7,34.84011628,70.30523256,803.372093,300.4324128,3.116271802,0.063008721,6.282703488,0.162768895,0.165599564,4.807412791,35.9375,5.908430233,6.659230005,0.82440866,"15","85"
16,2017,"FO","F2","1","FO_F2_1","2017_FO_F2_1","F","10.141","10.34","FO","9/30/17","LH/AG","8:30A","2:05P","69.1","88.7","EGGPLANT","92","7","3","10","3","273","0.5","0","0.5","0","0.498","0.495","9.985","9.771","9.36","9.27",1.33,"FO","FO","Polyculture","Eggplant","alifisol","atwater","sandy loam",-119.626867,36.7659621,"2002","15",0,15,15,0,1,0,7.81,48.98782344,79.58523592,874.6423135,319.4406393,2.126959665,0.090882801,7.054794521,0.093215373,0.155003805,5.133181126,41.37366819,8.135464231,7.195120266,0.927432733,"14","87"
17,2017,"FO","F2","2","FO_F2_2","2017_FO_F2_2","F","10.401","9.986","FO","9/30/17","LH/AG","8:30A","2:05P","69.1","88.7","EGGPLANT","111","10","16","12","14","289","2","0","2","0","0.497","0.497","9.915","9.817","9.309","9.218",1.33,"FO","FO","Polyculture","Eggplant","alifisol","atwater","sandy loam",-119.626867,36.7659621,"2002","15",0,15,15,0,1,0,7.66,44.01515152,76.15079365,872.6911977,327.5252525,1.157150072,0.088737374,6.958874459,0.121630592,0.176756854,5.126262626,34.97113997,6.666666667,7.242848269,0.955310402,"21","79"
18,2017,"FO","F2","3","FO_F2_3","2017_FO_F2_3","F","9.903","10.181","FO","9/30/17","LH/AG","8:30A","2:05P","69.1","88.7","EGGPLANT","97","15","15","6","5","243","0.5","0","0.5","0","0.498","0.492","10.04","10.099","10.01","9.474",1.33,"FO","FO","Polyculture","Eggplant","alifisol","atwater","sandy loam",-119.626867,36.7659621,"2002","15",0,15,15,0,1,0,7.9,42.769179,68.60026918,866.7193809,321.4502019,2.443637281,0.10006393,6.258411844,0.05551144,0.144586137,4.909152086,41.8371467,6.6487214,7.143882884,0.970193352,"16","84"
19,2017,"FO","N1","1","FO_N1_1","2017_FO_N1_1","N","10.136","10.546","FO","9/30/17","LH/AG","8:30A","2:05P","69.1","88.7","BITTERMELON","","0","30","0","17","227","2","0","0.5","0","0.49","9.843","9.706","8.77","9.293","9.24",1.55,"FO","FO","Polyculture","Eggplant","alifisol","atwater","sandy loam",-119.626867,36.7659621,"2002","15",0,15,15,0,1,0,7.63,35.50569801,69.93589744,848.6930199,328.8034188,2.274287749,0.064059829,7.546296296,0.04789886,0.140990028,5.117521368,40.67663818,6.136039886,7.117439278,1.013146613,"16","84"
20,2017,"FO","N1","2","FO_N1_2","2017_FO_N1_2","N","10.47","9.975","FO","9/30/17","LH/AG","8:30A","2:05P","69.1","88.7","SINQUA","","7","11","2","0","132","0","0","0.5","0","0.497","0.489","10.262","10.299","9.927","9.224",1.55,"FO","FO","Polyculture","Eggplant","alifisol","atwater","sandy loam",-119.626867,36.7659621,"2002","15",0,15,15,0,1,0,7.31,42.07317073,77.22740316,912.2883788,339.2969871,1.902245337,0.050925395,9.609038737,0.094515782,0.168167145,5.946915352,40.96126255,7.069583931,7.540077279,0.963643041,"9","91"
21,2017,"FO","N1","3","FO_N1_3","2017_FO_N1_3","N","9.445","9.463","FO","9/30/17","LH/AG","8:30A","2:05P","69.1","88.7","KOMBOCHA","21","3","6","0","2","93","0","0","0","0","0.496","0.487","9.517","10.317","8.94","9.23",1.55,"FO","FO","Polyculture","Eggplant","alifisol","atwater","sandy loam",-119.626867,36.7659621,"2002","15",0,15,15,0,1,0,7.16,24.2781155,61.98708207,847.4354103,355.3419453,0.788358663,0.030338146,12.04787234,0.086120821,0.167036474,6.382978723,60.9156535,6.819908815,7.308350684,1.071519815,"5","33"
22,2017,"FO","N2","1","FO_N2_1","2017_FO_N2_1","N","10.401","10.219","FO","9/30/17","LH/AG","8:30A","2:05P","69.1","88.7","SINQUA","","11","23","4","0","168","0","0","","","0.496","0.497","9.912","10.041","9.15","9.47",1.55,"FO","FO","Polyculture","Eggplant","alifisol","atwater","sandy loam",-119.626867,36.7659621,"2002","15",0,15,15,0,1,0,7.51,38.20844687,70.6846049,940.2690736,362.1219346,1.093314033,0.048007493,8.596730245,0.044758174,0.140752725,6.290871935,39.11784741,6.011580381,7.850336987,1.067689294,"13","50"
23,2017,"FO","N2","2","FO_N2_2","2017_FO_N2_2","N","10.12","10.484","FO","9/30/17","LH/AG","8:30A","2:05P","69.1","88.7","KOMBOCHA","19","5","15","0","4","119","2","0","2","0","","0.496","","9.744","","9.053",1.55,"FO","FO","Polyculture","Eggplant","alifisol","atwater","sandy loam",-119.626867,36.7659621,"2002","15",0,15,15,0,1,0,7.2,31.34863702,64.42969871,883.4648494,378.2711621,0.581086801,0.06142396,11.82209469,0.052571736,0.21188307,6.531563845,61.18364419,7.69010043,7.682689381,1.125783102,"21","79"
24,2017,"FO","N2","3","FO_N2_3","2017_FO_N2_3","N","10.723","10.045","FO","9/30/17","LH/AG","8:30A","2:05P","69.1","88.7","CHILIPEPPERS","102","0","9","2","18","236","0.5","0","0.5","0","0.497","0.499","9.907","10.099","9.499","9.52",1.55,"FO","FO","Polyculture","Eggplant","alifisol","atwater","sandy loam",-119.626867,36.7659621,"2002","15",0,15,15,0,1,0,7.96,35.76589595,80.57803468,994.8735549,389.8699422,1.258193642,0.190906792,8.901734104,0.050559971,0.23546604,6.582369942,37.3699422,7.088150289,8.376104969,1.071720593,"23","77"
25,2017,"DI","F1","1","DI_F1_1","2017_DI_F1_1","F","10.159","10.202","DI","10/7/17","CD","9:53A","11:40A","75","78","EGGPLANT","67","4","0","4","1","122","0","0","0","0","0.49","0.494","10.48","10.071","","",1.54,"DI","DI","Polyculture","Eggplant","alifisol","atwater","sandy loam",-119.567744,36.6764591,"2011","6",8,7,7,0.533,0.467,0,6.8,12.03571429,160.7785714,728.9035714,247.6035714,1.018996429,0.076692857,16.05714286,0.252578571,0.360639286,6.228571429,34.35714286,21.56071429,6.66277372,1.195688539,"5","84"
26,2017,"DI","F1","2","DI_F1_2","2017_DI_F1_2","F","9.815","10.074","DI","10/7/17","CD","9:53A","11:40A","75","78","EGGPLANT","51","0","5","4","1","91","0","0","0","0","0.485","0.49","9.866","10.391","","",1.54,"DI","DI","Polyculture","Eggplant","alifisol","atwater","sandy loam",-119.567744,36.6764591,"2011","6",8,7,7,0.533,0.467,0,7.16,11.56111929,133.3468336,815.5191458,248.7371134,0.951329161,0.092581001,27.62518409,0.275972018,0.448862297,5.960972018,24.69808542,7.65832106,6.457465022,1.103125276,"12","88"
27,2017,"DI","F1","3","DI_F1_3","2017_DI_F1_3","F","10.52","10.143","DI","10/7/17","CD","9:53A","11:40A","75","78","EGGPLANT","48","2","3","1","4","120","0","0","0","0","0.481","0.492","10.175","10.178","","",1.54,"DI","DI","Polyculture","Eggplant","alifisol","atwater","sandy loam",-119.567744,36.6764591,"2011","6",8,7,7,0.533,0.467,0,7.26,17.08144796,111.0180995,852.3793363,218.2202112,1.26428733,0.116368778,24.27978884,0.422963801,0.53933635,5.20361991,30.68250377,8.310708899,6.334520696,1.143350232,"3","87"
28,2017,"DI","F2","1","DI_F2_1","2017_DI_F2_1","F","9.512","10.034","DI","10/7/17","CD","9:53A","11:40A","75","78","EGGPLANT","57","6","3","1","5","117","0","0","0","0","0.498","0.496","9.908","10.28","","",1.54,"DI","DI","Polyculture","Eggplant","alifisol","atwater","sandy loam",-119.567744,36.6764591,"2011","6",8,7,7,0.533,0.467,0,7.35,15.62054208,109.3188302,796.7617689,238.6626248,1.028776748,0.104864479,33.65192582,0.323252496,0.497999287,5.10342368,58.63766049,11.01640514,6.219647669,1.182527671,"",""
29,2017,"DI","F2","2","DI_F2_2","2017_DI_F2_2","F","10.07","10.061","DI","10/7/17","CD","9:53A","11:40A","75","78","EGGPLANT","56","1","0","6","5","126","0.5","0","0","0","0.495","0.487","10.05","9.944","","",1.54,"DI","DI","Polyculture","Eggplant","alifisol","atwater","sandy loam",-119.567744,36.6764591,"2011","6",8,7,7,0.533,0.467,0,7.02,11.1516035,110.4737609,704.0087464,209.2565598,1.047860787,0.071341108,37.17930029,0.324176385,0.466075073,6.038629738,27.55102041,5.379008746,5.517803023,1.003212106,"1","99"
30,2017,"DI","F2","3","DI_F2_3","2017_DI_F2_3","F","9.403","9.942","DI","10/7/17","CD","9:53A","11:40A","75","78","EGGPLANT","61","3","2","1","0","123","0.5","0.15","0","0","0.498","0.487","9.715","10.08","","",1.54,"DI","DI","Polyculture","Eggplant","alifisol","atwater","sandy loam",-119.567744,36.6764591,"2011","6",8,7,7,0.533,0.467,0,6.96,9.225759768,93.49855282,707.5434153,210.0289436,1.183712012,0.064739508,35.01447178,0.406309696,0.516027496,6.139652677,25.63675832,6.657018813,5.690772528,1.072832775,"4","96"
31,2017,"DI","N1","1","DI_N1_1","2017_DI_N1_1","N","10.286","10.05","DI","10/7/17","CD","9:53A","11:40A","75","78","EGGPLANT","57","2","3","2","2","170","0","0","0","0","0.495","0.49","9.78","10.003","","",1.515,"DI","DI","Polyculture","Eggplant","alifisol","atwater","sandy loam",-119.567744,36.6764591,"2011","6",8,7,7,0.533,0.467,0,6.43,13.26754386,94.69298246,719.6783626,221.3559942,1.364221491,0.054320175,53.34795322,0.379258041,0.577394006,9.115497076,43.2127193,9.064327485,7.387906748,1.110995124,"24","76"
32,2017,"DI","N1","2","DI_N1_2","2017_DI_N1_2","N","9.766","9.955","DI","10/7/17","CD","9:53A","11:40A","75","78","BITTERMELON","150","0","1","2","0","193","10","0","0.5","0","0.496","0.483","10.032","9.923","","",1.515,"DI","DI","Polyculture","Eggplant","alifisol","atwater","sandy loam",-119.567744,36.6764591,"2011","6",8,7,7,0.533,0.467,0,5.75,12.13592233,175.4813916,826.9417476,240.5218447,1.420141586,0.051330906,23.33333333,0.552588997,0.30211165,5.465210356,21.13268608,65.28317152,8.544700781,1.146726555,"",""
33,2017,"DI","N1","3","DI_N1_3","2017_DI_N1_3","N","9.781","10.101","DI","10/7/17","CD","9:53A","11:40A","75","78","EGGPLANT","193","16","12","0","0","301","0","0","0.5","0","0.489","0.491","9.6","9.969","","",1.515,"DI","DI","Polyculture","Eggplant","alifisol","atwater","sandy loam",-119.567744,36.6764591,"2011","6",8,7,7,0.533,0.467,0,6.89,6.526548673,124.3178466,788.6504425,234.9188791,2.308731563,0.031906342,34.1039823,0.450011062,0.487168142,6.017699115,30.50516224,15.01106195,6.250765252,1.215994319,"9","91"
34,2017,"DI","N2","1","DI_N2_1","2017_DI_N2_1","N","9.602","10.266","DI","10/7/17","CD","9:53A","11:40A","75","78","EGGPLANT","193","0","6","4","1","207","20","0","0","0","0.493","0.496","9.701","9.915","","",1.515,"DI","DI","Polyculture","Eggplant","alifisol","atwater","sandy loam",-119.567744,36.6764591,"2011","6",8,7,7,0.533,0.467,0,5.49,7.700276243,209.0435083,807.0027624,247.2790055,2.045075967,0.059986188,19.22651934,0.501467541,0.343031768,5.328038674,27.79696133,52.3929558,9.356509035,1.265027556,"49","51"
35,2017,"DI","N2","2","DI_N2_2","2017_DI_N2_2","N","9.79","10.075","DI","10/7/17","CD","9:53A","11:40A","75","78","EGGPLANT","190","40","30","0","0","325","0","0","0","0","0.495","0.486","9.67","10.113","","",1.515,"DI","DI","Polyculture","Eggplant","alifisol","atwater","sandy loam",-119.567744,36.6764591,"2011","6",8,7,7,0.533,0.467,0,6.7,7.971753058,104.582848,868.4769948,258.175597,1.470646476,0.105973355,11.74650553,0.282924432,0.320362551,5.157979033,54.20428072,22.64123471,7.303573706,1.159135267,"1","25"
36,2017,"DI","N2","3","DI_N2_3","2017_DI_N2_3","N","10.182","10.484","DI","10/7/17","CD","9:53A","11:40A","75","78","TOMATO","200","56","70","0","2","390","0","0","0","0","0.488","0.488","10.095","9.929","","",1.515,"DI","DI","Polyculture","Eggplant","alifisol","atwater","sandy loam",-119.567744,36.6764591,"2011","6",8,7,7,0.533,0.467,0,6.6,8.497536946,121.0303777,866.498358,257.1182266,2.204125616,0.053156814,11.11658456,0.495377668,0.288530378,5.26272578,41.04679803,27.68472906,7.327078845,1.190106423,"",""
37,2017,"KY","F1","1","KY_F1_1","2017_KY_F1_1","F","9.819","9.95","KY","10/8/17","CD","8:07A","10:10A","58.8","77.8","EGGPLANT","63","15","0","2","0","190","0.5","0","5","0.15","0.494","0.486","9.586","10.119","","",1.435,"KY","KY","Polyculture","Eggplant","alifisol","ramona","sandy loam",-119.616133,36.7092261,"2002","15",0,15,15,0,1,0,7.52,30.69407008,53.32210243,768.7061995,151.6138814,1.134457547,1.058392857,12.06199461,0.153608491,0.441765499,4.471024259,33.2648248,7.661725067,5.222641394,0.632989947,"6","94"
38,2017,"KY","F1","2","KY_F1_2","2017_KY_F1_2","F","9.538","10.091","KY","10/8/17","CD","8:07A","10:10A","58.8","77.8","EGGPLANT","76","31","40","26","10","330","0.5","0","5","0.15","0.492","0.488","9.953","10.289","","",1.435,"KY","KY","Polyculture","Eggplant","alifisol","ramona","sandy loam",-119.616133,36.7092261,"2002","15",0,15,15,0,1,0,7.34,29.08366534,53.20717131,692.9847278,190.9727756,0.785846614,0.087144754,8.499335989,0.094641434,0.336334661,3.705179283,36.81938911,8.901062417,5.16635398,0.689211296,"23","77"
39,2017,"KY","F1","3","KY_F1_3","2017_KY_F1_3","F","10.097","10.168","KY","10/8/17","CD","8:07A","10:10A","58.8","77.8","EGGPLANT","83","20","7","13","0","127","0.5","0","5","0.15","0.486","0.497","9.309","9.992","","",1.435,"KY","KY","Polyculture","Eggplant","alifisol","ramona","sandy loam",-119.616133,36.7092261,"2002","15",0,15,15,0,1,0,7.34,31.48967552,51.17256637,694.2256637,194.2809735,1.05960177,0.047754425,11.88053097,0.125269174,0.399391593,3.860619469,41.59660767,8.075221239,5.194471443,0.657391148,"28","72"
40,2017,"KY","F2","1","KY_F2_1","2017_KY_F2_1","F","9.965","10.059","KY","10/8/17","CD","8:07A","10:10A","58.8","77.8","EGGPLANT","101","24","7","6","0","223","0.5","0","5","0.15","0.495","0.493","9.95","10.203","","",1.435,"KY","KY","Polyculture","Eggplant","alifisol","ramona","sandy loam",-119.616133,36.7092261,"2002","15",0,15,15,0,1,0,7.65,26.04588394,44.81443995,709.2307692,186.8522267,0.897796896,0.083792173,35.17206478,0.130630904,0.474315115,5.418353576,40.67476383,7.375168691,5.192344411,0.673604389,"9","91"
41,2017,"KY","F2","2","KY_F2_2","2017_KY_F2_2","F","9.524","9.905","KY","10/8/17","CD","8:07A","10:10A","58.8","77.8","EGGPLANT","109","1","15","4","2","206","5","0","5","0.15","0.493","0.494","9.458","10.112","","",1.435,"KY","KY","Polyculture","Eggplant","alifisol","ramona","sandy loam",-119.616133,36.7092261,"2002","15",0,15,15,0,1,0,7.99,43.1010568,52.87318362,754.4782034,209.2701453,1.17319683,0.118982827,24.30317041,0.140227873,0.419940555,4.871202114,60.50198151,24.58388375,5.622945611,0.757382712,"",""
42,2017,"KY","F2","3","KY_F2_3","2017_KY_F2_3","F","10.372","10.043","KY","10/8/17","CD","8:07A","10:10A","58.8","77.8","EGGPLANT","97","13","3","13","1","253","0.5","0","50","0.3","0.496","0.498","10.045","10.067","","",1.435,"KY","KY","Polyculture","Eggplant","alifisol","ramona","sandy loam",-119.616133,36.7092261,"2002","15",0,15,15,0,1,0,6.28,24.86244842,63.1568088,686.3342503,177.3865199,1.62758597,0.054889959,18.50756534,0.135209766,0.43860729,4.085281981,37.99518569,11.75378267,6.266605485,0.850685274,"34","66"
43,2017,"KY","N1","1","KY_N1_1","2017_KY_N1_1","N","10.019","10.022","KY","10/8/17","CD","8:07A","10:10A","58.8","77.8","EGGPLANT","106","1","6","0","0","186","0.5","0","5","0","0.498","0.494","10.108","10.07","","",1.49,"KY","KY","Polyculture","Eggplant","alifisol","ramona","sandy loam",-119.616133,36.7092261,"2002","15",0,15,15,0,1,0,7.7,32.29901269,49.82722144,827.9372355,217.7856135,1.211149506,0.107923131,6.752468265,0.120398449,0.378071227,3.903385049,44.27009873,10.15867419,6.052249507,0.747283581,"20","80"
44,2017,"KY","N1","2","KY_N1_2","2017_KY_N1_2","N","9.983","10.12","KY","10/8/17","CD","8:07A","10:10A","58.8","77.8","BITTERMELON","193","56","70","50","3","290","0.5","0","5","0","0.496","0.497","9.915","10.266","","",1.49,"KY","KY","Polyculture","Eggplant","alifisol","ramona","sandy loam",-119.616133,36.7092261,"2002","15",0,15,15,0,1,0,7.76,34.74420191,47.01909959,714.5327422,173.3901774,1.026954297,0.085753752,5.856070941,0.114324693,0.318523192,4.522510232,34.02796726,8.342428377,5.114148124,0.679082902,"",""
45,2017,"KY","N1","3","KY_N1_3","2017_KY_N1_3","N","9.891","9.933","KY","10/8/17","CD","8:07A","10:10A","58.8","77.8","BITTERMELON","193","46","50","15","0","300","0.5","0","5","0","0.499","0.498","9.923","10.135","","",1.49,"KY","KY","Polyculture","Eggplant","alifisol","ramona","sandy loam",-119.616133,36.7092261,"2002","15",0,15,15,0,1,0,7.56,41.23666667,42.46666667,786.47,202.4333333,1.375726667,0.106976667,6.76,0.124863333,0.358523333,3.141986667,43.41,9.5,5.700250018,0.837909294,"61","39"
46,2017,"KY","N2","1","KY_N2_1","2017_KY_N2_1","N","10.272","10.143","KY","10/8/17","CD","8:07A","10:10A","58.8","77.8","BITTERMELON","250","144","50","54","0","350","5","0","5","0","0.499","0.496","10.165","9.931","","",1.49,"KY","KY","Polyculture","Eggplant","alifisol","ramona","sandy loam",-119.616133,36.7092261,"2002","15",0,15,15,0,1,0,6.91,15.99131693,41.61360347,670.8429812,199.6382055,1.248726483,0.055151954,9.924023155,0.097319103,0.302738784,3.740955137,46.14688857,12.1382055,5.097022293,0.733209927,"96","4"
47,2017,"KY","N2","2","KY_N2_2","2017_KY_N2_2","N","10.103","10.075","KY","10/8/17","CD","8:07A","10:10A","58.8","77.8","SNAPBEAN","200","64","35","24","0","350","0.5","0","20","0","0.496","0.498","9.773","9.951","","",1.49,"KY","KY","Polyculture","Eggplant","alifisol","ramona","sandy loam",-119.616133,36.7092261,"2002","15",0,15,15,0,1,0,7.86,57.96089385,48.56843575,1017.22067,229.0537709,1.702084497,0.22560405,8.613826816,0.156909916,0.42924581,3.032800279,44.32960894,12.19273743,7.087809226,1.072713156,"",""
48,2017,"KY","N2","3","KY_N2_3","2017_KY_N2_3","N","9.9","9.936","KY","10/8/17","CD","8:07A","10:10A","58.8","77.8","CHARD","28","0","0","0","0","53","0.5","0","0.5","0","0.5","0.498","9.885","10.218","","",1.49,"KY","KY","Polyculture","Eggplant","alifisol","ramona","sandy loam",-119.616133,36.7092261,"2002","15",0,15,15,0,1,0,7.81,92.80230978,59.2017663,897.4286685,195.9544837,1.614867527,0.175152853,12.2044837,0.129493886,0.441277174,4.966032609,35.94089674,16.63722826,6.244738802,0.831808124,"2","25"
49,2017,"CF","F1","1","CF_F1_1","2017_CF_F1_1","F","10.309","10.098","CF","10/15/17","MB/CD","8:45A","11A","64","83.5","EGGPLANT","58","7","24","2","0","498","0","0","0","0","0.499","0.499","10.37","10.176","","",1.425,"CF","CF","Polyculture","Eggplant","alifisol","atwater","sandy loam",-119.603949,36.7243901,"2011","6",1,7,7,0.067,0.467,0.47,8.15,17.89772727,27.37571023,476.2357955,187.4893466,2.294009233,0.059549006,5.433238636,0.987159091,0.24315696,2.49356179,48.95596591,17.27272727,3.987991504,0.67995424,"8","92"
50,2017,"CF","F1","2","CF_F1_2","2017_CF_F1_2","F","10.312","10.302","CF","10/15/17","MB/CD","8:45A","11A","64","83.5","EGGPLANT","65","6","23","2","0","519","0.5","0","0","0","0.498","0.491","10.146","10.449","","",1.425,"CF","CF","Polyculture","Eggplant","alifisol","atwater","sandy loam",-119.603949,36.7243901,"2011","6",1,7,7,0.067,0.467,0.47,8.26,16.13821138,31.01219512,523.8495935,239.1219512,2.695731707,0.124987805,6.817073171,0.74754878,0.276463415,2.003703252,68.34146341,24.8902439,4.658579038,0.781724721,"8","92"
51,2017,"CF","F1","3","CF_F1_3","2017_CF_F1_3","F","10.265","10.376","CF","10/15/17","MB/CD","8:45A","11A","64","83.5","EGGPLANT","69","1","3","1","1","181","0.5","0","0","0","0.494","0.476","10.377","10.58","","",1.425,"CF","CF","Polyculture","Eggplant","alifisol","atwater","sandy loam",-119.603949,36.7243901,"2011","6",1,7,7,0.067,0.467,0.47,7.8,14.96865204,35.52115987,543.7382445,211.8416928,5.062695925,0.130031348,6.195141066,3.253166144,0.317766458,1.706081505,45.66222571,20.67398119,4.545945497,0.73387706,"30","70"
52,2017,"CF","F2","1","CF_F2_1","2017_CF_F2_1","F","10.326","10.285","CF","10/15/17","MB/CD","8:45A","11A","64","83.5","EGGPLANT","73","3","12","1","0","225","0.5","0","0","0","0.487","0.485","10.354","10.28","","",1.425,"CF","CF","Polyculture","Eggplant","alifisol","atwater","sandy loam",-119.603949,36.7243901,"2011","6",1,7,7,0.067,0.467,0.47,7.72,15.40948276,38.3512931,466.7456897,190.7650862,2.915869253,0.070409483,6.713362069,1.171059626,0.243487787,1.826573276,47.86997126,14.31034483,3.995461844,0.657197697,"27","74"
53,2017,"CF","F2","2","CF_F2_2","2017_CF_F2_2","F","10.229","10.334","CF","10/15/17","MB/CD","8:45A","11A","64","83.5","EGGPLANT","61","2","11","0","1","200","0.5","0","0.5","0","0.492","0.487","10.087","10.319","","",1.425,"CF","CF","Polyculture","Eggplant","alifisol","atwater","sandy loam",-119.603949,36.7243901,"2011","6",1,7,7,0.067,0.467,0.47,7.59,19.1522763,67.35086342,503.689168,209.0973312,1.881122449,0.080490581,7.735478807,0.216350078,0.258751962,1.827354788,54.07378336,18.31632653,4.404611239,0.968354893,"19","81"
54,2017,"CF","F2","3","CF_F2_3","2017_CF_F2_3","F","10.082","10.567","CF","10/15/17","MB/CD","8:45A","11A","64","83.5","EGGPLANT","64","9","20","9","3","425","0","0","0","0","0.487","0.496","10.4","10.144","","",1.425,"CF","CF","Polyculture","Eggplant","alifisol","atwater","sandy loam",-119.603949,36.7243901,"2011","6",1,7,7,0.067,0.467,0.47,8.22,14.10818713,26.97733918,546.7141813,232.1491228,1.636875,0.095142544,5.497076023,0.22377193,0.275720029,1.518676901,60.46418129,28.06652047,4.705428321,0.626234478,"3","97"
55,2017,"CF","N1","1","CF_N1_1","2017_CF_N1_1","N","10.092","10.425","CF","10/15/17","MB/CD","8:45A","11A","64","83.5","EGGPLANT","71","11","28","2","1","264","0.5","0","0.5","0","0.494","0.474","10.463","10.464","","",1.435,"CF","CF","Polyculture","Eggplant","alifisol","atwater","sandy loam",-119.603949,36.7243901,"2011","6",1,7,7,0.067,0.467,0.47,7.65,18.21216617,56.8694362,463.731454,195.0667656,5.615727003,0.076335312,6.554154303,4.34347181,0.235793769,1.906350148,75.07418398,22.61869436,4.063011313,0.725192109,"8","92"
56,2017,"CF","N1","2","CF_N1_2","2017_CF_N1_2","N","10.313","10.595","CF","10/15/17","MB/CD","8:45A","11A","64","83.5","BITTERMELON","161","8","120","2","4","615","0.5","0","0.5","0","0.498","0.483","10.339","10.267","","",1.435,"CF","CF","Polyculture","Eggplant","alifisol","atwater","sandy loam",-119.603949,36.7243901,"2011","6",1,7,7,0.067,0.467,0.47,8.07,12.03148426,30.83208396,569.0292354,177.2676162,1.192170165,0.075562219,5.708395802,0.370922039,0.245663418,2.18077961,37.71364318,16.08695652,4.377013859,0.581578616,"27","73"
57,2017,"CF","N1","3","CF_N1_3","2017_CF_N1_3","N","10.002","10.486","CF","10/15/17","MB/CD","8:45A","11A","64","83.5","LOOFA","149","3","130","1","3","194","0.5","0","0.5","0","0.495","0.496","10.346","10.341","","",1.435,"CF","CF","Polyculture","Eggplant","alifisol","atwater","sandy loam",-119.603949,36.7243901,"2011","6",1,7,7,0.067,0.467,0.47,7.95,16.13233288,40.24897681,497.1998636,190.8799454,1.539536153,0.082789905,5.422919509,0.119215553,0.33925648,1.644290587,26.39154161,8.110504775,4.153527594,0.710869279,"45","50"
58,2017,"CF","N2","1","CF_N2_1","2017_CF_N2_1","N","10.21","10.363","CF","10/15/17","MB/CD","8:45A","11A","64","83.5","BITTERMELON","161","3","34","3","3","735","0.5","0","0","0","0.496","0.485","10.327","10.49","","",1.435,"CF","CF","Polyculture","Eggplant","alifisol","atwater","sandy loam",-119.603949,36.7243901,"2011","6",1,7,7,0.067,0.467,0.47,8,9.59631728,30.01062323,437.2733711,176.8094901,4.34490085,0.062117564,4.847733711,1.083293201,0.222708924,1.854387394,27.7868272,8.109065156,3.712378483,0.635224761,"23","77"
59,2017,"CF","N2","2","CF_N2_2","2017_CF_N2_2","N","10.271","10.503","CF","10/15/17","MB/CD","8:45A","11A","64","83.5","LOOFA","149","11","174","4","0","189","0.5","0","0","0","0.493","0.502","10.106","10.491","","",1.435,"CF","CF","Polyculture","Eggplant","alifisol","atwater","sandy loam",-119.603949,36.7243901,"2011","6",1,7,7,0.067,0.467,0.47,8,14.38210227,30.71732955,596.5411932,199.8153409,1.470351563,0.108725142,5.454545455,0.202723722,0.337357955,1.918824574,30.05681818,9.982244318,4.699097574,0.793163528,"21","79"
60,2017,"CF","N2","3","CF_N2_3","2017_CF_N2_3","N","10.462","10.293","CF","10/15/17","MB/CD","8:45A","11A","64","83.5","BITTERMELON","4","0","14","3","0","200","0.5","0","0","0","0.491","0.49","10.21","10.145","","",1.435,"CF","CF","Polyculture","Eggplant","alifisol","atwater","sandy loam",-119.603949,36.7243901,"2011","6",1,7,7,0.067,0.467,0.47,7.99,14.38679245,29.66307278,465.7580863,183.3187332,1.415764825,0.057564016,5.235849057,0.132735849,0.301549865,1.891115229,34.04649596,10.95013477,3.907267634,0.725308642,"3","11"
61,2017,"AS","F1","1","AS_F1_1","2017_AS_F1_1","F","10.281","10.028","AS","10/6/17","LH/MB/AG/CD","8:28A","10:12A","61.4","81.4","EGGPLANT","87","16","25","13","3","114","0","0","0","0","0.497","0.496","9.97","10.136","","",1.39,"AS","AS","Monoculture","Eggplant","entisol","calhi","loamy sand",-119.73702,36.5929961,"","",15,0,0,1,0,0,8.13,45.45486601,23.57545839,813.6953456,91.32228491,1.757873766,0.201304654,4.672073343,0.108459097,0.282302539,1.556382228,40.52186178,10.25035261,4.877315337,0.775303672,"39","61"
62,2017,"AS","F1","2","AS_F1_2","2017_AS_F1_2","F","9.817","10.293","AS","10/6/17","LH/MB/AG/CD","8:28A","10:12A","61.4","81.4","EGGPLANT","85","18","21","6","4","142","0","0","0","0","0.497","","10.303","","","",1.39,"AS","AS","Monoculture","Eggplant","entisol","calhi","loamy sand",-119.73702,36.5929961,"","",15,0,0,1,0,0,8.24,55.10915493,25.16901408,772.6584507,88.41197183,1.996802817,0.195073944,3.957746479,0.13315493,0.284242958,1.51056338,41.19014085,11.11619718,4.652351427,0.735727321,"12","88"
63,2017,"AS","F1","3","AS_F1_3","2017_AS_F1_3","F","10.489","10.482","AS","10/6/17","LH/MB/AG/CD","8:28A","10:12A","61.4","81.4","EGGPLANT","81","29","20","16","5","122","0","0","0","0","10.218","0.499","","9.934","","",1.39,"AS","AS","Monoculture","Eggplant","entisol","calhi","loamy sand",-119.73702,36.5929961,"","",15,0,0,1,0,0,8.11,61.60384068,34.54836415,774.3029872,83.34637269,2.931802987,0.241774538,21.00995733,0.141778094,0.487492888,2.341340683,33.62375533,7.201280228,4.643040913,0.808046562,"14","86"
64,2017,"AS","F2","1","AS_F2_1","2017_AS_F2_1","F","","10.128","AS","10/6/17","LH/MB/AG/CD","8:28A","10:12A","61.4","81.4","EGGPLANT","84","19","31","15","7","167","0","0","0","0","0.487","0.491","10.136","10.202","","",1.39,"AS","AS","Monoculture","Eggplant","entisol","calhi","loamy sand",-119.73702,36.5929961,"","",15,0,0,1,0,0,7.96,60.86445367,22.43430152,775.4322268,79.41217151,2.643862379,0.162375519,4.84439834,0.160304288,0.343565007,1.701860304,45.31466113,9.754495159,4.585457303,0.769626917,"3","97"
65,2017,"AS","F2","2","AS_F2_2","2017_AS_F2_2","F","10.23","10.018","AS","10/6/17","LH/MB/AG/CD","8:28A","10:12A","61.4","81.4","EGGPLANT","87","23","22","18","6","146","0.5","0","0.5","0","0.49","0.496","10.05","9.95","","",1.39,"AS","AS","Monoculture","Eggplant","entisol","calhi","loamy sand",-119.73702,36.5929961,"","",15,0,0,1,0,0,8.03,54.64838256,26.40998594,717.8481013,76.15682138,2.121937412,0.185453586,9.26511955,0.142211674,0.399996484,1.738048523,30.98452883,9.099859353,4.281021468,0.693255734,"14","86"
66,2017,"AS","F2","3","AS_F2_3","2017_AS_F2_3","F","10.432","10.241","AS","10/6/17","LH/MB/AG/CD","8:28A","10:12A","61.4","81.4","EGGPLANT","88","24","27","12","7","151","0.5","0","0.5","0","0.496","0.494","9.923","10.02","","",1.39,"AS","AS","Monoculture","Eggplant","entisol","calhi","loamy sand",-119.73702,36.5929961,"","",15,0,0,1,0,0,7.81,43.74824684,25.13674614,674.0603086,75.85203366,2.048758766,0.157408836,4.726507714,0.106002805,0.306107994,1.493948107,32.20897616,8.176718093,4.056327877,0.720323514,"7","84"
67,2017,"AS","N1","1","AS_N1_1","2017_AS_N1_1","N","10.19","10.177","AS","10/6/17","LH/MB/AG/CD","8:28A","10:12A","61.4","81.4","EGGPLANT","89","16","24","15","9","119","0.5","","0.5","","0.491","0.495","10.136","9.854","","",1.315,"AS","AS","Monoculture","Eggplant","entisol","calhi","loamy sand",-119.73702,36.5929961,"","",15,0,0,1,0,0,7.92,65.22695531,26.28840782,806.1557263,83.29259777,1.447590782,0.146798184,4.863826816,0.108023743,0.324472765,1.714322626,33.78840782,8.641759777,4.780738622,0.710092652,"4","96"
68,2017,"AS","N1","2","AS_N1_2","2017_AS_N1_2","N","10.172","9.997","AS","10/6/17","LH/MB/AG/CD","8:28A","10:12A","61.4","81.4","EGGPLANT","84","17","32","17","7","152","0.5","","0.5","","","0.493","","10.104","","",1.315,"AS","AS","Monoculture","Eggplant","entisol","calhi","loamy sand",-119.73702,36.5929961,"","",15,0,0,1,0,0,7.85,48.78851541,22.06932773,692.9621849,74.56232493,1.960322129,0.118532913,4.604341737,0.091127451,0.260101541,1.53192577,33.45238095,7.664565826,4.132420816,0.721781134,"18","82"
69,2017,"AS","N1","3","AS_N1_3","2017_AS_N1_3","N","10.286","10.235","AS","10/6/17","LH/MB/AG/CD","8:28A","10:12A","61.4","81.4","EGGPLANT","86","21","25","12","4","164","0.5","","0.5","","0.496","","10.144","","","",1.315,"AS","AS","Monoculture","Eggplant","entisol","calhi","loamy sand",-119.73702,36.5929961,"","",15,0,0,1,0,0,8.06,49.95660881,25.22363151,656.5821095,71.07810414,2.398958611,0.128588117,15.91455274,0.139492657,0.548668224,3.424566088,30.92456609,5.710947931,3.930028525,0.621853313,"3","97"
70,2017,"AS","N2","1","AS_N2_1","2017_AS_N2_1","N","10.191","10.021","AS","10/6/17","LH/MB/AG/CD","8:28A","10:12A","61.4","81.4","EGGPLANT","87","13","19","19","5","171","0.5","","0.5","","0.5","","10.066","","","",1.315,"AS","AS","Monoculture","Eggplant","entisol","calhi","loamy sand",-119.73702,36.5929961,"","",15,0,0,1,0,0,7.92,54.41256831,22.31898907,771.1168033,80.96994536,2.179501366,0.156625683,4.883879781,0.112728825,0.298828552,1.56011612,35.53961749,8.589480874,4.576353907,0.833006114,"9","91"
71,2017,"AS","N2","2","AS_N2_2","2017_AS_N2_2","N","10.117","10.027","AS","10/6/17","LH/MB/AG/CD","8:28A","10:12A","61.4","81.4","EGGPLANT","83","15","27","14","7","138","2","","0.5","","","0.49","","10.061","","",1.315,"AS","AS","Monoculture","Eggplant","entisol","calhi","loamy sand",-119.73702,36.5929961,"","",15,0,0,1,0,0,8.03,51.75510204,25.21428571,642.0578231,70.87414966,2.181673469,0.116122449,20.63945578,0.114795918,0.794289116,2.541717687,36.86734694,6.605442177,3.855711433,0.759514685,"4","96"
72,2017,"AS","N2","3","AS_N2_3","2017_AS_N2_3","N","10.082","9.916","AS","10/6/17","LH/MB/AG/CD","8:28A","10:12A","61.4","81.4","EGGPLANT","83","6","33","9","5","136","0.5","","0.5","","0.48","0.493","10.1","10.332","","",1.315,"AS","AS","Monoculture","Eggplant","entisol","calhi","loamy sand",-119.73702,36.5929961,"","",15,0,0,1,0,0,8.29,62.21994536,30.15368852,763.6851093,86.40368852,2.234678962,0.250324454,17.4897541,0.151150956,0.439303279,2.100519126,42.55464481,9.170081967,4.60377191,0.775084356,"2","98"
73,2017,"VI","F1","1","VI_F1_1","2017_VI_F1_1","F","10.433","10.52","VI","10/1/17","LH/AG/RH/HN","10:30A","11:58A","78.6","80.2","EGGPLANT","83","3","43","4","2","243","0","0","0","0","0.489","0.492","10.398","10.076","9.784","9.535",1.48,"VI","VI","Monoculture","Eggplant","entisol","hanford","sandy loam",-119.635205,36.6952481,"","",15,0,0,1,0,0,8.44,50.68452381,48.89219577,920.7142857,222.8637566,2.077046958,0.240353836,6.09457672,0.226835317,0.597549603,2.844613095,54.82473545,15.13558201,6.555367511,0.671815858,"38","62"
74,2017,"VI","F1","2","VI_F1_2","2017_VI_F1_2","F","9.978","10.079","VI","10/1/17","LH/AG/RH/HN","10:30A","11:58A","78.6","80.2","EGGPLANT","82","2","22","4","5","154","0","0","0.5","0","0.495","0.494","10.046","10.04","9.516","9.533",1.48,"VI","VI","Monoculture","Eggplant","entisol","hanford","sandy loam",-119.635205,36.6952481,"","",15,0,0,1,0,0,8.19,45.7057257,63.3355526,835.8022636,174.6904128,2.037393475,0.293578562,6.827563249,0.241215047,0.5488249,3.049377497,33.62516644,10.49267643,5.772883458,0.751682086,"32","68"
75,2017,"VI","F1","3","VI_F1_3","2017_VI_F1_3","F","9.958","9.965","VI","10/1/17","LH/AG/RH/HN","10:30A","11:58A","78.6","80.2","EGGPLANT","85","8","28","4","4","207","2","0","0.5","0","0.494","0.481","10.02","9.988","9.417","9.509",1.48,"VI","VI","Monoculture","Eggplant","entisol","hanford","sandy loam",-119.635205,36.6952481,"","",15,0,0,1,0,0,7.85,56.84840426,73.93949468,616.4095745,154.9069149,1.587546543,0.139009309,5.910904255,0.167928856,0.473098404,3.999335106,28.57047872,10.77460106,4.54088025,0.591518453,"33","39"
76,2017,"VI","F2","1","VI_F2_1","2017_VI_F2_1","F","10.224","10.073","VI","10/1/17","LH/AG/RH/HN","10:30A","11:58A","78.6","80.2","EGGPLANT","89","11","26","7","3","270","0","0","0.5","0","0.492","0.491","10.099","9.983","9.534","9.441",1.48,"VI","VI","Monoculture","Eggplant","entisol","hanford","sandy loam",-119.635205,36.6952481,"","",15,0,0,1,0,0,8.46,30.58219178,83.84931507,970.609589,229.3150685,2.14519863,0.393438356,7.058219178,0.203934932,0.682722603,3.060517123,135.6027397,65.93835616,6.94712803,0.688389169,"21","79"
77,2017,"VI","F2","2","VI_F2_2","2017_VI_F2_2","F","10.101","10.058","VI","10/1/17","LH/AG/RH/HN","10:30A","11:58A","78.6","80.2","EGGPLANT","85","2","27","2","4","272","0.5","0","0.5","0","0.488","0.496","10.097","9.998","9.597","9.898",1.48,"VI","VI","Monoculture","Eggplant","entisol","hanford","sandy loam",-119.635205,36.6952481,"","",15,0,0,1,0,0,8.18,41.50466045,48.41211718,777.0739015,176.2183755,2.520143142,0.188335553,7.443408788,0.13614514,0.691284953,2.526817577,53.75166445,13.48202397,5.453598578,0.769451937,"61","39"
78,2017,"VI","F2","3","VI_F2_3","2017_VI_F2_3","F","10.361","9.473","VI","10/1/17","LH/AG/RH/HN","10:30A","11:58A","78.6","80.2","EGGPLANT","85","2","16","2","0","237","0","0","0.5","0","0.485","0.495","9.991","10.025","9.04","9.552",1.48,"VI","VI","Monoculture","Eggplant","entisol","hanford","sandy loam",-119.635205,36.6952481,"","",15,0,0,1,0,0,8.19,34.6740638,46.28640777,698.3183079,169.9410541,2.044559639,0.150131761,5.176837725,0.122531207,0.587583218,3.108522885,39.49722607,11.4112344,5.002930559,0.577450356,"54","46"
79,2017,"VI","N1","1","VI_N1_1","2017_VI_N1_1","N","9.917","10.025","VI","10/1/17","LH/AG/RH/HN","10:30A","11:58A","78.6","80.2","EGGPLANT","92","2","21","7","3","174","0","0","0.5","0","0.499","0.486","10.172","10.077","9.596","9.531",1.475,"VI","VI","Monoculture","Eggplant","entisol","hanford","sandy loam",-119.635205,36.6952481,"","",15,0,0,1,0,0,8.38,45.57537012,43.69111709,914.2833109,214.269852,3.879542396,0.30224428,7.66487214,0.238314266,0.78204576,3.000333109,54.11843876,16.34253028,6.439468804,0.802868177,"43","57"
80,2017,"VI","N1","2","VI_N1_2","2017_VI_N1_2","N","10.097","10.058","VI","10/1/17","LH/AG/RH/HN","10:30A","11:58A","78.6","80.2","EGGPLANT","94","5","39","6","3","242","0.5","0","0","0","0.481","0.49","10.05","10.152","9.387","9.559",1.475,"VI","VI","Monoculture","Eggplant","entisol","hanford","sandy loam",-119.635205,36.6952481,"","",15,0,0,1,0,0,8.64,108.6617843,86.20505992,3853.395473,416.2183755,16.49800266,1.304936751,14.41411451,0.219960053,0.966601198,8.292276964,78.36218375,33.94141145,22.89907669,0.684243897,"28","72"
81,2017,"VI","N1","3","VI_N1_3","2017_VI_N1_3","N","10.056","9.945","VI","10/1/17","LH/AG/RH/HN","10:30A","11:58A","78.6","80.2","EGGPLANT","94","18","18","2","4","203","0","0","2","0","0.493","0.496","10.018","10.16","9.363","9.572",1.475,"VI","VI","Monoculture","Eggplant","entisol","hanford","sandy loam",-119.635205,36.6952481,"","",15,0,0,1,0,0,8.61,56.63487738,128.2799728,1338.405995,206.7813351,2.754976158,0.86221049,5.786784741,0.249700272,0.696270436,4.550408719,102.7554496,31.26702997,8.715040721,0.771976667,"37","63"
82,2017,"VI","N2","1","VI_N2_1","2017_VI_N2_1","N","10.272","9.93","VI","10/1/17","LH/AG/RH/HN","10:30A","11:58A","78.6","80.2","EGGPLANT","87","9","21","11","4","246","0","0","0","0","0.496","0.495","9.956","9.999","9.542","9.392",1.475,"VI","VI","Monoculture","Eggplant","entisol","hanford","sandy loam",-119.635205,36.6952481,"","",15,0,0,1,0,0,8.46,66.5410498,62.06931359,1189.03432,228.102288,2.725898385,0.393781965,6.456931359,0.238549798,0.65134253,3.940107672,91.85060565,31.02624495,7.973607535,0.857178351,"37","63"
83,2017,"VI","N2","2","VI_N2_2","2017_VI_N2_2","N","","10.031","VI","10/1/17","LH/AG/RH/HN","10:30A","11:58A","78.6","80.2","EGGPLANT","95","15","29","1","5","225","","","0","0","0.49","0.487","10.182","9.92","9.222","9.307",1.475,"VI","VI","Monoculture","Eggplant","entisol","hanford","sandy loam",-119.635205,36.6952481,"","",15,0,0,1,0,0,8.15,73.40517241,73.93899204,1918.305703,252.3806366,6.057692308,0.656312997,8.574270557,0.21770557,0.840394562,5.699602122,43.6704244,20.41777188,11.84932454,0.89043641,"29","71"
84,2017,"VI","N2","3","VI_N2_3","2017_VI_N2_3","N","10.196","10.054","VI","10/1/17","LH/AG/RH/HN","10:30A","11:58A","78.6","80.2","EGGPLANT","95","3","11","4","4","194","0.5","0","0.5","0","0.493","0.487","10.067","10.111","9.537","9.521",1.475,"VI","VI","Monoculture","Eggplant","entisol","hanford","sandy loam",-119.635205,36.6952481,"","",15,0,0,1,0,0,8.21,66.11036339,95.17496635,1297.187079,212.8499327,1.992294751,0.38128533,6.490578735,0.220736878,0.624010767,3.647375505,34.65343203,13.82570659,8.474021213,0.704402516,"40","60"
85,2017,"IS","F1","1","IS_F1_1","2017_IS_F1_1","F","10.367","10.039","IS","10/7/17","LH/MB/AG/CD","8:05A","9:15A","57.8","","EGGPLANT","79","5","6","6","3","237","2","","0.5","","0.492","0.497","9.841","10.134","","",1.34,"IS","IS","Monoculture","Eggplant","entisol","tujunga","loamy sand",-119.538203,36.6574671,"","",2,0,0,0.133,0,0.87,5.03,2.810344828,37.40344828,335.0586207,32.42068966,7.227586207,0.000755172,12.24827586,0.170217241,0.431675862,10.81034483,15.07586207,3.070768966,5.438577454,0.753588173,"64","36"
86,2017,"IS","F1","2","IS_F1_2","2017_IS_F1_2","F","9.962","10.088","IS","10/7/17","LH/MB/AG/CD","8:05A","9:15A","57.8","","EGGPLANT","66","4","4","9","6","321","2","","0.5","","0.487","0.49","9.772","10.028","","",1.34,"IS","IS","Monoculture","Eggplant","entisol","tujunga","loamy sand",-119.538203,36.6574671,"","",2,0,0,0.133,0,0.87,5.14,2.250351617,32.76019691,364.7433193,34.51476793,6.891701828,0.000770042,13.11181435,0.17468706,0.505682138,11.21659634,18.97679325,3.632208158,5.4639102,0.833440735,"32","68"
87,2017,"IS","F1","3","IS_F1_3","2017_IS_F1_3","F","10.148","10.154","IS","10/7/17","LH/MB/AG/CD","8:05A","9:15A","57.8","","EGGPLANT","80","5","5","7","0","135","2","","0.5","","0.49","0.494","9.64","9.997","","",1.34,"IS","IS","Monoculture","Eggplant","entisol","tujunga","loamy sand",-119.538203,36.6574671,"","",2,0,0,0.133,0,0.87,5.19,1.283309958,29.78962132,400.1928471,30.08765778,7.836605891,0.000767882,13.75525947,0.190620617,0.669453015,11.80925666,20.08765778,3.877980365,5.982412671,0.983995258,"30","70"
88,2017,"IS","F2","1","IS_F2_1","2017_IS_F2_1","F","9.755","10.421","IS","10/7/17","LH/MB/AG/CD","8:05A","9:15A","57.8","","EGGPLANT","87","3","8","11","3","206","0.5","","0.5","","0.489","0.489","9.906","10.016","","",1.34,"IS","IS","Monoculture","Eggplant","entisol","tujunga","loamy sand",-119.538203,36.6574671,"","",2,0,0,0.133,0,0.87,4.82,2.927083333,49.16319444,326.3506944,35.125,9.302083333,0.000760417,20.15972222,0.128520833,0.584913194,15.96527778,13.07638889,4.138888889,7.116220378,1.058850391,"24","54"
89,2017,"IS","F2","2","IS_F2_2","2017_IS_F2_2","F","9.849","10.155","IS","10/7/17","LH/MB/AG/CD","8:05A","9:15A","57.8","","EGGPLANT","71","11","12","13","0","245","0.5","","0.5","","0.489","0.499","9.792","9.496","","",1.34,"IS","IS","Monoculture","Eggplant","entisol","tujunga","loamy sand",-119.538203,36.6574671,"","",2,0,0,0.133,0,0.87,5.03,2.568870523,39.09779614,327.0867769,37.09710744,7.627410468,0.000754132,14.31473829,0.143195592,0.788099174,15.02066116,13.83264463,3.502066116,6.340042899,0.976256306,"14","86"
90,2017,"IS","F2","3","IS_F2_3","2017_IS_F2_3","F","9.927","9.974","IS","10/7/17","LH/MB/AG/CD","8:05A","9:15A","57.8","","EGGPLANT","56","8","10","10","1","195","0.5","","0.5","","0.499","0.494","9.97","9.44","","",1.34,"IS","IS","Monoculture","Eggplant","entisol","tujunga","loamy sand",-119.538203,36.6574671,"","",2,0,0,0.133,0,0.87,4.78,1.983848315,38.05126404,303.184691,39.23455056,6.896067416,0.000768961,16.50632022,0.139094101,0.673567416,16.23595506,14.30126404,3.306885534,7.005655943,1.063016544,"19","81"
91,2017,"IS","N1","1","IS_N1_1","2017_IS_N1_1","N","10.162","10.009","IS","10/7/17","LH/MB/AG/CD","8:05A","9:15A","57.8","","EGGPLANT","65","16","12","6","3","279","0.5","","2","","0.493","0.492","10.134","10.124","","",1.385,"IS","IS","Monoculture","Eggplant","entisol","tujunga","loamy sand",-119.538203,36.6574671,"","",2,0,0,0.133,0,0.87,4.83,2.29254571,34.05766526,267.2433193,35.19338959,4.866385373,0.000770042,14.4092827,0.138206751,0.522081575,19.18424754,15.73839662,2.697246835,6.654231006,0.761573348,"10","97"
92,2017,"IS","N1","2","IS_N1_2","2017_IS_N1_2","N","10.13","10.085","IS","10/7/17","LH/MB/AG/CD","8:05A","9:15A","57.8","","EGGPLANT","55","3","10","7","2","219","0.5","","0.5","","0.487","0.497","10.286","10.12","","",1.385,"IS","IS","Monoculture","Eggplant","entisol","tujunga","loamy sand",-119.538203,36.6574671,"","",2,0,0,0.133,0,0.87,4.8,3.441295547,83.44129555,271.6396761,34.63225371,6.906207827,0.000738866,14.06207827,0.153235493,0.40138664,11.62618084,13.75506073,3.18772942,6.284394161,0.765612419,"",""
93,2017,"IS","N1","3","IS_N1_3","2017_IS_N1_3","N","9.652","10.128","IS","10/7/17","LH/MB/AG/CD","8:05A","9:15A","57.8","","EGGPLANT","78","12","7","6","1","350","0.5","","0.5","","0.496","0.493","10.267","10.128","","",1.385,"IS","IS","Monoculture","Eggplant","entisol","tujunga","loamy sand",-119.538203,36.6574671,"","",2,0,0,0.133,0,0.87,4.92,1.297335203,34.44950912,315.6591865,32.91374474,5.448807854,0.000767882,15.59607293,0.200852034,0.591013324,20.91865358,16.59186536,3.198720196,6.621866887,0.881906155,"8","97"
94,2017,"IS","N2","1","IS_N2_1","2017_IS_N2_1","N","9.865","10.036","IS","10/7/17","LH/MB/AG/CD","8:05A","9:15A","57.8","","EGGPLANT","","","","","","","0.5","","0.5","","0.488","0.493","9.675","9.929","","",1.385,"IS","IS","Monoculture","Eggplant","entisol","tujunga","loamy sand",-119.538203,36.6574671,"","",2,0,0,0.133,0,0.87,5.13,1.933514247,37.56105834,326.8046133,32.17774763,6.438263229,0.000742877,11.57055631,0.148012212,0.415305292,9.942333786,10.82767978,3.001964043,5.652479184,0.756544319,"9","44"
95,2017,"IS","N2","2","IS_N2_2","2017_IS_N2_2","N","9.593","9.904","IS","10/7/17","LH/MB/AG/CD","8:05A","9:15A","57.8","","EGGPLANT","67","10","5","8","1","237","0","","0.5","","0.491","0.491","9.979","10.269","","",1.385,"IS","IS","Monoculture","Eggplant","entisol","tujunga","loamy sand",-119.538203,36.6574671,"","",2,0,0,0.133,0,0.87,4.99,1.415540541,32.31081081,287.875,43.29054054,3.275868243,0.000739865,11.84797297,0.141871622,0.547983108,17.59797297,17.65878378,2.928847973,6.434151841,0.958439355,"",""
96,2017,"IS","N2","3","IS_N2_3","2017_IS_N2_3","N","10.109","10.279","IS","10/7/17","LH/MB/AG/CD","8:05A","9:15A","57.8","","EGGPLANT","","","","","","","0.5","","0.5","","0.497","0.492","9.809","9.981","","",1.385,"IS","IS","Monoculture","Eggplant","entisol","tujunga","loamy sand",-119.538203,36.6574671,"","",2,0,0,0.133,0,0.87,5.24,2.052957359,34.19876204,414.8762036,35.22696011,4.821182944,0.000753095,13.05020633,0.127341816,0.547544704,10.14099037,18.03645117,3.521320495,6.109231457,0.929221036,"1","89"
97,2017,"DS","F1","1","DS_F1_1","2017_DS_F1_1","F","10.002","10.06","DS","","","","","","","EGGPLANT","80","9","21","20","3","263","0.5","0","0.5","0","0.489","0.487","10.013","10.002","9.287","9.367",1.37,"DS","DS","Monoculture","Eggplant","alifisol","san joaquin","loam",-119.643566,36.7416301,"","",5,10,10,0.333,0.667,0,7.38,37.02945402,127.9166667,832.1587644,288.0998563,2.584249282,0.208347701,13.04238506,0.160154454,0.353548851,3.742816092,33.02801724,19.32471264,6.849420654,1.280851982,"10","90"
98,2017,"DS","F1","2","DS_F1_2","2017_DS_F1_2","F","10.007","10.006","DS","","","","","","","EGGPLANT","87","10","29","15","10","276","2","0","2","0","0.495","0.501","10.031","10.079","9.927","9.507",1.37,"DS","DS","Monoculture","Eggplant","alifisol","san joaquin","loam",-119.643566,36.7416301,"","",5,10,10,0.333,0.667,0,7.48,47.6572327,72.11871069,830.1572327,316.5683962,2.080259434,0.171784591,6.745283019,0.100220126,0.267472484,2.757889151,43.21933962,16.99685535,6.930055914,0.987519501,"2","98"
99,2017,"DS","F1","3","DS_F1_3","2017_DS_F1_3","F","10.072","10.002","DS","","","","","","","EGGPLANT","92","","","","","","0.5","0","0.5","0","0.495","0.496","10.087","10.045","9.694","9.538",1.37,"DS","DS","Monoculture","Eggplant","alifisol","san joaquin","loam",-119.643566,36.7416301,"","",5,10,10,0.333,0.667,0,7.24,39.97356495,78.86329305,778.4214502,274.7205438,1.914248489,0.091891994,10.24169184,0.097854985,0.240891239,2.91021148,32.45090634,8.916163142,6.345611389,1.045950434,"29","71"
100,2017,"DS","F2","1","DS_F2_1","2017_DS_F2_1","F","10.15","10.087","DS","","","","","","","EGGPLANT","97","9","14","5","8","205","2","0","2","0","0.486","0.49","10.012","10.051","9.558","9.493",1.37,"DS","DS","Monoculture","Eggplant","alifisol","san joaquin","loam",-119.643566,36.7416301,"","",5,10,10,0.333,0.667,0,7.58,52.14678179,75.19623234,880.4199372,341.1342229,1.419733124,0.197394035,8.697017268,0.136813187,0.350160911,2.596479592,56.24411303,18.60282575,7.390599571,1.171171171,"6","94"
101,2017,"DS","F2","2","DS_F2_2","2017_DS_F2_2","F","10.07","","DS","","","","","","","EGGPLANT","98","28","22","20","26","242","0.5","0","2","0","0.496","0.495","10.058","10.048","9.418","9.438",1.37,"DS","DS","Monoculture","Eggplant","alifisol","san joaquin","loam",-119.643566,36.7416301,"","",5,10,10,0.333,0.667,0,7.47,50.40277778,95.82638889,795.5833333,294.9513889,1.239322917,0.171777778,5.770833333,0.081788194,0.25959375,2.954090278,31.88541667,7.038194444,6.64063128,0.970390998,"6","94"
102,2017,"DS","F2","3","DS_F2_3","2017_DS_F2_3","F","10.082","10.077","DS","","","","","","","EGGPLANT","99","10","34","16","7","361","2","0","0.5","0","0.49","0.488","10.018","10.006","9.533","9.465",1.37,"DS","DS","Monoculture","Eggplant","alifisol","san joaquin","loam",-119.643566,36.7416301,"","",5,10,10,0.333,0.667,0,7.81,64.76086957,104.726087,945.2304348,369.9956522,1.504230435,0.299234783,7.791304348,0.142717391,0.352073913,2.987304348,43.3,18.66086957,8.026745076,1.310639404,"22","78"
103,2017,"DS","N1","1","DS_N1_1","2017_DS_N1_1","N","10.078","10.048","DS","","","","","","","EGGPLANT","102","19","35","17","13","242","2","0","0","0","0.489","0.496","10.074","10.056","9.767","9.699",1.295,"DS","DS","Monoculture","Eggplant","alifisol","san joaquin","loam",-119.643566,36.7416301,"","",5,10,10,0.333,0.667,0,7.44,44.81481481,64.20692432,809.8470209,318.7640902,1.132624799,0.131747182,7.733494364,0.083558776,0.264166667,2.85239533,46.46940419,17.69726248,6.826267599,1.231610805,"14","86"
104,2017,"DS","N1","2","DS_N1_2","2017_DS_N1_2","N","9.999","10.031","DS","","","","","","","EGGPLANT","98","22","41","27","21","322","2","0","5","0","0.499","0.482","10.06","10.072","9.365","9.434",1.295,"DS","DS","Monoculture","Eggplant","alifisol","san joaquin","loam",-119.643566,36.7416301,"","",5,10,10,0.333,0.667,0,7.21,45.73529412,86.4668175,824.9736048,320.1168929,1.541568627,0.151417798,11.97963801,0.106289593,0.306549774,2.723242836,46.80618401,19.54751131,6.969919738,1.350812113,"1","54"
105,2017,"DS","N1","3","DS_N1_3","2017_DS_N1_3","N","10.028","10.036","DS","","","","","","","EGGPLANT","92","38","41","32","10","312","0.5","0","0.5","0","0.487","0.49","10.007","10.096","9.535","9.498",1.295,"DS","DS","Monoculture","Eggplant","alifisol","san joaquin","loam",-119.643566,36.7416301,"","",5,10,10,0.333,0.667,0,7.66,37.76771005,75.33772652,945.3830313,384.0856672,2.3692257,0.145918451,7.845963756,0.13378089,0.318047776,3.102944811,83.09719934,104.5263591,8.067837938,1.066280967,"21","79"
106,2017,"DS","N2","1","DS_N2_1","2017_DS_N2_1","N","10.05","10.061","DS","","","","","","","EGGPLANT","101","16","39","29","15","283","0","0","0.5","0","0.488","0.457","10.083","10.013","9.455","9.972",1.295,"DS","DS","Monoculture","Eggplant","alifisol","san joaquin","loam",-119.643566,36.7416301,"","",5,10,10,0.333,0.667,0,7.27,39.66319444,83.53125,797.65625,306.5902778,2.595392361,0.136322917,10.57986111,0.097506944,0.294149306,2.515138889,40.37847222,12.85069444,6.714951224,1.112422289,"2","94"
107,2017,"DS","N2","2","DS_N2_2","2017_DS_N2_2","N","10.051","9.991","DS","","","","","","","EGGPLANT","95","15","49","12","4","356","10","0","0","0","0.5","0.489","10.028","10.069","9.641","9.519",1.295,"DS","DS","Monoculture","Eggplant","alifisol","san joaquin","loam",-119.643566,36.7416301,"","",5,10,10,0.333,0.667,0,7.72,30.69883527,73.36522463,932.9575707,383.7021631,2.050881864,0.149675541,8.344425957,0.102279534,0.304209651,3.161422629,102.8078203,72.8327787,7.997522396,1.180014233,"20","80"
108,2017,"DS","N2","3","DS_N2_3","2017_DS_N2_3","N","10.053","10.044","DS","","","","","","","EGGPLANT","104","34","66","15","25","418","0","0","0.5","0","0.49","0.49","10.089","10.051","9.78","9.593",1.295,"DS","DS","Monoculture","Eggplant","alifisol","san joaquin","loam",-119.643566,36.7416301,"","",5,10,10,0.333,0.667,0,7.68,39.64776632,71.16408935,921.0266323,380.6958763,2.253217354,0.210936426,7.555841924,0.107998282,0.338707045,3.300545533,83.66408935,92.19931271,7.907596507,1.09596455,"100","0"
109,2017,"GA","F1","1","GA_F1_1","2017_GA_F1_1","F","10.128","10.031","GA","10/14/17","NR/MB","","","51.5","65.9","EGGPLANT","57","7","14","3","0","120","0","0","5","0","0.486","0.492","10.037","9.912","","",1.28,"GA","GA","Monoculture","Eggplant","entisol","delhi","loamy sand",-119.634251,36.5643661,"","",14,0,0,0.933,0,0.07,8.27,9.215817694,31.81300268,624.8827078,72.45978552,1.465700402,0.206662198,3.920911528,0.368947721,0.241273458,0.717483244,36.33713137,5.784182306,3.799709385,0.78791237,"19","81"
110,2017,"GA","F1","2","GA_F1_2","2017_GA_F1_2","F","9.986","10.127","GA","10/14/17","NR/MB","","","51.5","65.9","EGGPLANT","64","6","24","2","0","99","0","0","0","0","0.489","0.496","10.033","9.944","","",1.28,"GA","GA","Monoculture","Eggplant","entisol","delhi","loamy sand",-119.634251,36.5643661,"","",14,0,0,0.933,0,0.07,8.04,9.1,37,543.2066667,62.57666667,1.280916667,0.16119,3.703333333,0.296956667,0.210943333,0.774,21.58333333,4.35,3.323585987,0.690767979,"12","88"
111,2017,"GA","F1","3","GA_F1_3","2017_GA_F1_3","F","10.391","10.314","GA","10/14/17","NR/MB","","","51.5","65.9","EGGPLANT","86","10","16","6","0","158","0","0","0","0","0.497","0.487","10.401","9.9","","",1.28,"GA","GA","Monoculture","Eggplant","entisol","delhi","loamy sand",-119.634251,36.5643661,"","",14,0,0,0.933,0,0.07,8.05,9.578804348,26.53872283,613.3220109,73.80095109,1.495244565,0.189076087,4.191576087,0.370013587,0.214592391,0.779735054,36.16508152,5.268342391,3.739409854,0.771428177,"3","97"
112,2017,"GA","F2","1","GA_F2_1","2017_GA_F2_1","F","10.255","10.025","GA","10/14/17","NR/MB","","","51.5","65.9","EGGPLANT","53","6","11","12","1","132","0","0","2","0","0.49","0.488","10.165","10.096","","",1.28,"GA","GA","Monoculture","Eggplant","entisol","delhi","loamy sand",-119.634251,36.5643661,"","",14,0,0,0.933,0,0.07,8.08,13.10848401,61.42211405,640.5285118,68.60222531,1.438233658,0.280810153,4.015994437,0.362402643,0.247945063,0.760020862,24.68011127,5.396383866,3.922045687,0.73857875,"4","96"
113,2017,"GA","F2","2","GA_F2_2","2017_GA_F2_2","F","10.185","10.007","GA","10/14/17","NR/MB","","","51.5","65.9","EGGPLANT","63","5","15","14","0","180","0","0","2","0","0.488","0.486","10.32","9.913","","",1.28,"GA","GA","Monoculture","Eggplant","entisol","delhi","loamy sand",-119.634251,36.5643661,"","",14,0,0,0.933,0,0.07,8.13,9.55786736,32.90637191,783.0494148,83.70611183,1.467438231,0.229375813,4.356306892,0.420952536,0.252005852,0.808992198,36.06306892,6.976592978,4.685522264,0.844114139,"25","86"
114,2017,"GA","F2","3","GA_F2_3","2017_GA_F2_3","F","10.062","9.92","GA","10/14/17","NR/MB","","","51.5","65.9","EGGPLANT","67","4","23","8","0","169","0","0","0","0","0.488","0.499","10.477","10.037","","",1.28,"GA","GA","Monoculture","Eggplant","entisol","delhi","loamy sand",-119.634251,36.5643661,"","",14,0,0,0.933,0,0.07,8.16,11.73822715,49.42174515,753.6668975,91.83864266,1.50682133,0.247150277,4.44598338,0.368469529,0.242822022,0.839033934,30.68213296,7.03601108,4.647508572,0.740065877,"5","95"
115,2017,"GA","N1","1","GA_N1_1","2017_GA_N1_1","N","10.114","9.912","GA","10/14/17","NR/MB","","","51.5","65.9","EGGPLANT","65","4","14","9","0","148","0","0","5","0","0.495","0.489","10.325","9.936","","",1.23,"GA","GA","Monoculture","Eggplant","entisol","delhi","loamy sand",-119.634251,36.5643661,"","",14,0,0,0.933,0,0.07,8.33,8.116438356,34.8390411,632.2328767,80.12671233,1.570945205,0.253273973,4.48630137,0.455969178,0.220366438,0.658794521,47.39041096,7.72260274,3.907043121,0.745111903,"3","97"
116,2017,"GA","N1","2","GA_N1_2","2017_GA_N1_2","N","10.133","9.91","GA","10/14/17","NR/MB","","","51.5","65.9","EGGPLANT","59","2","13","8","0","176","0","0","0","0","0.491","0.491","10.147","10.077","","",1.23,"GA","GA","Monoculture","Eggplant","entisol","delhi","loamy sand",-119.634251,36.5643661,"","",14,0,0,0.933,0,0.07,8.62,14.63165075,39.75102319,789.5190996,92.36698499,2.040153479,0.364798772,4.150750341,0.655740109,0.259621419,1.174140518,77.17598909,11.84174625,4.806366953,0.679950757,"10","90"
117,2017,"GA","N1","3","GA_N1_3","2017_GA_N1_3","N","10.332","9.92","GA","10/14/17","NR/MB","","","51.5","65.9","EGGPLANT","55","7","20","5","7","338","0","0","2","0","0.489","0.488","10.326","10.021","","",1.23,"GA","GA","Monoculture","Eggplant","entisol","delhi","loamy sand",-119.634251,36.5643661,"","",14,0,0,0.933,0,0.07,6.96,5.782548476,28.033241,487.132964,48.71883657,2.006256925,0.058189058,4.324792244,0.538292936,0.232060249,1.385554017,33.61149584,3.992382271,2.906695814,0.650828453,"11","89"
118,2017,"GA","N2","1","GA_N2_1","2017_GA_N2_1","N","9.999","9.908","GA","10/14/17","NR/MB","","","51.5","65.9","EGGPLANT","64","1","9","6","0","133","0","0","5","0","0.493","0.495","10.403","10.022","","",1.23,"GA","GA","Monoculture","Eggplant","entisol","delhi","loamy sand",-119.634251,36.5643661,"","",14,0,0,0.933,0,0.07,8.03,16.78224688,40.90152566,848.4257975,83.26629681,1.913418863,0.311088766,3.959778086,0.461303745,0.271262136,1.221809986,23.85575589,6.359223301,5.0292471,0.836742283,"22","78"
119,2017,"GA","N2","2","GA_N2_2","2017_GA_N2_2","N","10.277","9.953","GA","10/14/17","NR/MB","","","51.5","65.9","EGGPLANT","65","2","6","4","2","217","0","0","0.5","0","0.483","0.5","10.104","9.933","","",1.23,"GA","GA","Monoculture","Eggplant","entisol","delhi","loamy sand",-119.634251,36.5643661,"","",14,0,0,0.933,0,0.07,7.53,7.841207349,70.30511811,496.6076115,56.332021,1.845318241,0.080564304,3.307086614,0.345803806,0.200036089,1.031377953,22.92322835,3.546587927,3.124584421,0.696442496,"23","77"
120,2017,"GA","N2","3","GA_N2_3","2017_GA_N2_3","N","10.355","9.92","GA","10/14/17","NR/MB","","","51.5","65.9","EGGPLANT","56","5","10","10","4","334","0","0","0","0","0.496","0.5","10.33","10.135","","",1.23,"GA","GA","Monoculture","Eggplant","entisol","delhi","loamy sand",-119.634251,36.5643661,"","",14,0,0,0.933,0,0.07,7.54,5.836707152,45.86369771,588.2253711,69.56477733,1.914473684,0.135748988,3.937246964,0.269227395,0.222405533,0.797446019,22.3582996,4.203778677,3.628628408,0.988066564,"7","93"
